"","Código Departamento","Departamento","Municipio","1","2","3","4","5","6","7","8","9","10","11","12"
"5001",5,"ANTIOQUIA","MEDELLIN",0,0,3,0,0,0,0,0,1,0,0,1
"5002",5,"ANTIOQUIA","ABEJORRAL",0,1,0,0,0,0,0,0,1,0,0,0
"5004",5,"ANTIOQUIA","ABRIAQUI",1,0,1,0,0,0,0,0,0,0,0,1
"5021",5,"ANTIOQUIA","ALEJANDRIA",0,0,0,0,0,0,1,0,0,1,0,0
"5030",5,"ANTIOQUIA","AMAGA",0,0,0,0,0,0,0,1,0,0,0,0
"5031",5,"ANTIOQUIA","AMALFI",1,1,1,0,3,5,2,1,3,0,2,2
"5034",5,"ANTIOQUIA","ANDES",0,0,0,5,3,3,0,0,0,2,1,1
"5038",5,"ANTIOQUIA","ANGOSTURA",0,0,0,0,1,0,0,0,0,0,0,0
"5040",5,"ANTIOQUIA","ANORI",0,0,1,1,1,0,0,1,0,1,1,3
"5042",5,"ANTIOQUIA","ANTIOQUIA",0,0,1,0,0,0,0,1,0,0,0,0
"5044",5,"ANTIOQUIA","ANZA",0,0,1,0,0,0,0,0,0,0,0,0
"5045",5,"ANTIOQUIA","APARTADO",1,0,0,0,3,4,2,5,6,4,6,1
"5051",5,"ANTIOQUIA","ARBOLETES",1,0,1,1,0,4,3,3,2,1,3,2
"5055",5,"ANTIOQUIA","ARGELIA",0,0,1,0,1,0,1,0,0,0,1,0
"5079",5,"ANTIOQUIA","BARBOSA",1,0,0,0,0,0,0,0,0,0,0,0
"5088",5,"ANTIOQUIA","BELLO",0,0,0,0,0,0,0,1,0,0,0,0
"5091",5,"ANTIOQUIA","BETANIA",1,0,0,0,0,0,0,1,0,0,0,0
"5093",5,"ANTIOQUIA","BETULIA",0,0,2,1,0,1,0,0,0,3,0,2
"5101",5,"ANTIOQUIA","BOLIVAR",4,0,1,0,0,0,2,2,1,2,1,0
"5107",5,"ANTIOQUIA","BRICENO",0,0,1,0,1,0,0,1,1,1,1,0
"5113",5,"ANTIOQUIA","BURITICA",0,0,0,0,0,0,1,0,0,0,0,0
"5120",5,"ANTIOQUIA","CACERES",1,0,3,1,1,3,1,0,1,2,1,0
"5129",5,"ANTIOQUIA","CALDAS",0,1,0,1,0,0,0,0,0,0,0,0
"5134",5,"ANTIOQUIA","CAMPAMENTO",0,0,0,0,0,1,0,1,1,0,0,3
"5142",5,"ANTIOQUIA","CARACOLI",0,0,0,0,1,0,0,0,0,0,0,0
"5147",5,"ANTIOQUIA","CAREPA",0,1,2,0,3,1,1,2,1,0,0,2
"5150",5,"ANTIOQUIA","CAROLINA",0,0,0,1,0,0,0,0,0,0,1,0
"5154",5,"ANTIOQUIA","CAUCASIA",0,0,2,1,0,1,0,2,1,1,1,0
"5172",5,"ANTIOQUIA","CHIGORODO",0,3,3,3,2,1,3,0,1,0,0,2
"5190",5,"ANTIOQUIA","CISNEROS",1,0,0,0,0,0,0,0,0,0,0,0
"5197",5,"ANTIOQUIA","COCORNA",0,0,1,0,0,1,0,1,0,1,1,2
"5209",5,"ANTIOQUIA","CONCORDIA",0,2,1,0,0,2,0,0,0,1,0,1
"5212",5,"ANTIOQUIA","COPACABANA",0,0,0,0,0,0,0,0,0,0,0,1
"5234",5,"ANTIOQUIA","DABEIBA",1,1,0,1,1,1,1,1,2,0,0,1
"5240",5,"ANTIOQUIA","EBEJICO",0,0,0,1,2,0,0,1,0,0,0,0
"5250",5,"ANTIOQUIA","EL BAGRE",4,4,2,3,4,1,3,3,5,1,3,1
"5266",5,"ANTIOQUIA","ENVIGADO",0,0,0,0,0,0,0,0,0,0,0,1
"5284",5,"ANTIOQUIA","FRONTINO",2,2,2,1,0,2,1,1,0,1,0,1
"5308",5,"ANTIOQUIA","GIRARDOTA",0,0,0,0,0,0,0,0,0,0,0,1
"5310",5,"ANTIOQUIA","GOMEZ PLATA",0,0,2,0,1,0,0,0,0,0,0,1
"5315",5,"ANTIOQUIA","GUADALUPE",0,0,0,1,0,0,0,0,0,0,0,0
"5347",5,"ANTIOQUIA","HELICONIA",0,1,1,1,0,0,0,0,0,0,0,0
"5361",5,"ANTIOQUIA","ITUANGO",0,0,0,0,0,1,0,0,1,1,1,0
"5364",5,"ANTIOQUIA","JARDIN",0,0,0,0,0,0,1,0,0,1,0,0
"5380",5,"ANTIOQUIA","LA ESTRELLA",1,0,0,0,0,0,0,0,0,0,0,0
"5425",5,"ANTIOQUIA","MACEO",0,0,0,0,0,0,0,1,2,1,2,2
"5467",5,"ANTIOQUIA","MONTEBELLO",0,0,0,0,0,0,0,0,0,0,0,1
"5475",5,"ANTIOQUIA","MURINDO",2,0,6,3,1,1,0,1,1,1,0,1
"5480",5,"ANTIOQUIA","MUTATA",3,2,3,2,1,3,4,0,2,2,0,0
"5483",5,"ANTIOQUIA","NARIÃ‘O",1,0,1,0,1,0,0,0,0,0,0,0
"5490",5,"ANTIOQUIA","NECOCLI",2,2,3,8,5,4,4,6,8,4,3,4
"5495",5,"ANTIOQUIA","NECHI",1,3,3,3,3,1,1,1,0,3,4,0
"5576",5,"ANTIOQUIA","PUEBLORRICO",1,0,0,0,0,0,0,0,0,0,0,0
"5579",5,"ANTIOQUIA","PUERTO BERRIO",1,0,3,0,2,1,4,0,0,2,0,2
"5585",5,"ANTIOQUIA","PUERTO NARE (LA MAGDALENA )",0,0,1,0,0,1,0,0,0,0,1,0
"5591",5,"ANTIOQUIA","PUERTO TRIUNFO",0,0,2,1,0,0,2,0,0,1,0,2
"5604",5,"ANTIOQUIA","REMEDIOS",1,1,0,0,2,1,4,1,1,1,0,3
"5607",5,"ANTIOQUIA","RETIRO",0,0,0,0,0,0,0,0,0,0,1,0
"5615",5,"ANTIOQUIA","RIONEGRO",0,0,0,0,0,0,0,1,0,0,0,0
"5628",5,"ANTIOQUIA","SABANALARGA",0,1,0,0,0,0,0,1,0,0,0,0
"5631",5,"ANTIOQUIA","SABANETA",0,0,1,0,0,0,0,0,0,0,0,0
"5642",5,"ANTIOQUIA","SALGAR",2,0,0,2,0,0,0,0,0,0,0,1
"5649",5,"ANTIOQUIA","SAN CARLOS",2,0,0,2,0,1,0,0,2,0,2,1
"5652",5,"ANTIOQUIA","SAN FRANCISCO",0,0,1,2,0,0,0,0,0,0,0,0
"5656",5,"ANTIOQUIA","SAN JERONIMO",0,1,0,0,0,0,0,0,0,0,0,0
"5659",5,"ANTIOQUIA","SAN JUAN DE URABA",0,1,1,0,0,1,2,4,2,1,3,1
"5660",5,"ANTIOQUIA","SAN LUIS",3,1,0,0,1,1,1,2,0,1,1,1
"5665",5,"ANTIOQUIA","SAN PEDRO DE URABA",1,0,1,2,3,4,1,2,3,3,1,0
"5667",5,"ANTIOQUIA","SAN RAFAEL",1,2,2,0,1,0,0,1,1,0,1,2
"5670",5,"ANTIOQUIA","SAN ROQUE",5,1,3,3,0,1,0,1,0,1,0,1
"5679",5,"ANTIOQUIA","SANTA BARBARA",1,0,0,0,0,0,0,0,0,0,0,0
"5686",5,"ANTIOQUIA","SANTA ROSA DE OSOS",0,0,0,0,0,1,0,0,1,0,2,1
"5690",5,"ANTIOQUIA","SANTO DOMINGO",0,1,1,0,1,0,0,0,0,0,0,1
"5736",5,"ANTIOQUIA","SEGOVIA",0,0,2,1,2,0,0,2,1,2,1,0
"5756",5,"ANTIOQUIA","SONSON",0,0,0,0,0,0,0,1,0,0,0,0
"5761",5,"ANTIOQUIA","SOPETRAN",0,1,0,0,0,0,0,0,1,0,0,0
"5790",5,"ANTIOQUIA","TARAZA",1,1,2,0,3,1,0,2,1,3,3,1
"5837",5,"ANTIOQUIA","TURBO",4,5,2,4,3,12,6,6,1,5,4,5
"5842",5,"ANTIOQUIA","URAMITA",0,0,1,0,0,0,0,0,0,0,0,0
"5847",5,"ANTIOQUIA","URRAO",1,1,3,1,0,0,1,0,1,0,0,1
"5854",5,"ANTIOQUIA","VALDIVIA",2,3,3,1,2,5,2,4,2,1,3,4
"5858",5,"ANTIOQUIA","VEGACHI",0,0,0,0,1,1,0,0,1,2,1,0
"5861",5,"ANTIOQUIA","VENECIA",0,0,0,0,0,0,0,0,0,0,1,0
"5873",5,"ANTIOQUIA","VIGIA DEL FUERTE",0,0,2,0,0,1,0,1,1,0,0,0
"5885",5,"ANTIOQUIA","YALI",2,0,0,0,0,0,1,0,0,1,0,0
"5887",5,"ANTIOQUIA","YARUMAL",2,1,1,0,2,1,0,0,0,0,0,1
"5890",5,"ANTIOQUIA","YOLOMBO",6,1,0,1,1,1,1,0,0,0,6,2
"5893",5,"ANTIOQUIA","YONDO (CASABE)",0,0,0,1,1,1,0,1,2,1,0,2
"5895",5,"ANTIOQUIA","ZARAGOZA",1,0,1,2,4,1,1,0,1,1,3,2
"8001",8,"ATLANTICO","BARRANQUILLA",0,0,2,0,0,3,4,0,0,2,0,2
"8078",8,"ATLANTICO","BARANOA",0,0,0,0,2,0,3,2,0,0,5,2
"8137",8,"ATLANTICO","CAMPO DE LA CRUZ",0,0,0,0,0,1,0,0,2,0,0,0
"8141",8,"ATLANTICO","CANDELARIA",0,0,0,0,0,1,0,1,0,0,0,0
"8296",8,"ATLANTICO","GALAPA",2,0,0,0,1,0,0,3,1,1,4,2
"8421",8,"ATLANTICO","LURUACO",1,0,0,0,0,0,0,1,0,0,0,0
"8433",8,"ATLANTICO","MALAMBO",2,1,0,2,0,0,2,1,2,0,1,0
"8436",8,"ATLANTICO","MANATI",2,0,0,0,1,0,0,0,0,0,2,1
"8520",8,"ATLANTICO","PALMAR DE VARELA",1,0,1,0,0,1,4,1,1,0,0,2
"8549",8,"ATLANTICO","PIOJO",0,0,1,0,0,0,0,0,1,0,1,0
"8558",8,"ATLANTICO","POLO NUEVO",0,0,2,0,0,0,0,1,0,0,0,0
"8560",8,"ATLANTICO","PONEDERA",0,1,1,1,1,0,2,1,0,0,0,0
"8573",8,"ATLANTICO","PUERTO COLOMBIA",0,0,2,0,0,0,0,1,0,2,0,1
"8606",8,"ATLANTICO","REPELON",0,1,2,0,1,1,0,0,0,0,0,0
"8634",8,"ATLANTICO","SABANAGRANDE",0,0,1,0,1,0,0,0,0,0,0,0
"8638",8,"ATLANTICO","SABANALARGA",2,0,1,2,4,5,1,4,0,1,4,1
"8685",8,"ATLANTICO","SANTO TOMAS",0,1,0,0,0,1,0,5,1,0,0,0
"8758",8,"ATLANTICO","SOLEDAD",0,0,1,1,0,2,0,0,0,0,0,1
"8832",8,"ATLANTICO","TUBARA",0,0,2,1,0,1,0,0,0,1,3,1
"8849",8,"ATLANTICO","USIACURI",1,0,0,0,1,1,2,0,0,1,2,0
"11001",11,"BOGOTA","BOGOTA",1,1,0,0,0,0,0,0,0,0,0,0
"13001",13,"BOLIVAR","CARTAGENA",0,1,2,0,2,3,2,5,2,3,5,4
"13006",13,"BOLIVAR","ACHI",1,1,0,0,1,1,0,0,0,0,1,0
"13030",13,"BOLIVAR","ALTOS DEL ROSARIO",1,0,1,0,0,1,0,0,1,0,0,0
"13042",13,"BOLIVAR","ARENAL",1,1,2,1,0,0,0,1,0,0,2,1
"13052",13,"BOLIVAR","ARJONA",3,1,2,0,0,3,0,4,3,1,2,0
"13074",13,"BOLIVAR","BARRANCO DE LOBA",1,0,0,0,0,1,1,1,1,1,0,1
"13140",13,"BOLIVAR","CALAMAR",0,0,0,0,0,0,0,0,0,0,2,0
"13160",13,"BOLIVAR","CANTAGALLO",0,1,1,0,0,2,0,0,0,0,0,2
"13188",13,"BOLIVAR","CICUCO",0,0,0,0,0,0,0,1,0,0,0,0
"13222",13,"BOLIVAR","CLEMENCIA",1,0,1,2,1,1,2,0,2,0,0,0
"13244",13,"BOLIVAR","EL CARMEN DE BOLIVAR",0,0,4,1,3,6,2,6,3,2,2,4
"13248",13,"BOLIVAR","EL GUAMO",0,0,0,0,2,0,0,0,0,0,2,1
"13268",13,"BOLIVAR","EL PEÃ‘ON",0,0,0,0,0,0,0,0,0,0,0,1
"13300",13,"BOLIVAR","HATILLO DE LOBA",0,0,0,0,0,0,0,0,0,2,0,0
"13430",13,"BOLIVAR","MAGANGUE",2,0,1,0,2,7,0,1,1,1,2,2
"13433",13,"BOLIVAR","MAHATES",0,0,1,1,1,0,0,0,1,0,0,1
"13440",13,"BOLIVAR","MARGARITA",0,0,0,0,0,1,0,0,0,0,0,0
"13442",13,"BOLIVAR","MARIA LA BAJA",0,0,1,1,0,0,1,2,1,1,1,1
"13458",13,"BOLIVAR","MONTECRISTO",1,1,1,0,1,0,1,1,2,0,0,0
"13468",13,"BOLIVAR","MOMPOS",2,0,0,0,0,1,0,3,0,0,2,2
"13473",13,"BOLIVAR","MORALES",0,0,0,0,0,1,0,0,0,1,1,0
"13490",13,"BOLIVAR","NOROSÃŒ",0,1,0,0,0,1,0,2,0,2,0,0
"13580",13,"BOLIVAR","REGIDOR",1,0,0,0,0,0,0,0,0,0,1,0
"13600",13,"BOLIVAR","RIO VIEJO",0,0,0,1,0,0,0,0,1,1,2,0
"13620",13,"BOLIVAR","SAN CRISTOBAL",0,0,0,0,0,1,0,0,0,2,4,3
"13647",13,"BOLIVAR","SAN ESTANISLAO",1,0,0,1,1,0,0,1,2,3,1,0
"13650",13,"BOLIVAR","SAN FERNANDO",0,0,0,0,0,0,0,0,1,0,1,0
"13654",13,"BOLIVAR","SAN JACINTO",2,0,2,0,5,1,1,2,0,1,0,2
"13655",13,"BOLIVAR","SAN JACINTO DEL CAUCA",0,0,1,0,0,0,0,0,1,0,0,0
"13657",13,"BOLIVAR","SAN JUAN NEPOMUCENO",1,0,0,0,0,7,0,3,2,1,3,0
"13667",13,"BOLIVAR","SAN MARTIN DE LOBA",1,0,0,0,0,0,1,2,0,2,1,1
"13670",13,"BOLIVAR","SAN PABLO",1,1,0,1,1,0,0,0,0,3,2,0
"13673",13,"BOLIVAR","SANTA CATALINA",0,1,2,0,0,0,0,0,0,0,0,0
"13683",13,"BOLIVAR","SANTA ROSA",1,0,0,0,0,0,0,0,0,1,3,0
"13688",13,"BOLIVAR","SANTA ROSA DEL SUR",1,0,3,2,5,1,2,5,3,5,5,0
"13744",13,"BOLIVAR","SIMITI",0,1,0,0,0,0,1,0,0,0,1,0
"13760",13,"BOLIVAR","SOPLAVIENTO",0,0,0,0,1,1,0,1,0,0,0,0
"13780",13,"BOLIVAR","TALAIGUA NUEVO",0,0,0,1,0,3,0,0,0,0,0,0
"13810",13,"BOLIVAR","TIQUISIO (PUERTO RICO)",1,1,1,0,4,2,2,2,2,0,0,0
"13836",13,"BOLIVAR","TURBACO",0,2,1,1,0,1,1,1,0,0,0,0
"13838",13,"BOLIVAR","TURBANA",1,1,1,1,0,0,1,0,0,0,0,0
"13873",13,"BOLIVAR","VILLANUEVA",0,0,1,0,1,2,0,1,1,0,0,1
"13894",13,"BOLIVAR","ZAMBRANO",1,0,1,0,0,0,0,0,0,0,1,2
"15109",15,"BOYACA","BUENAVISTA",0,0,1,0,1,0,0,0,0,0,0,0
"15135",15,"BOYACA","CAMPOHERMOSO",0,0,0,0,0,0,2,0,0,0,0,0
"15183",15,"BOYACA","CHITA",0,1,0,0,0,0,0,0,0,0,0,0
"15223",15,"BOYACA","CUBARA",1,2,2,1,3,6,1,2,2,1,2,3
"15238",15,"BOYACA","DUITAMA",0,0,0,0,0,0,0,0,1,0,0,0
"15322",15,"BOYACA","GUATEQUE",0,0,0,1,0,0,0,0,0,0,0,0
"15377",15,"BOYACA","LABRANZAGRANDE",1,0,0,0,0,1,2,0,0,0,0,0
"15442",15,"BOYACA","MARIPI",0,1,0,0,0,0,0,0,0,1,0,1
"15480",15,"BOYACA","MUZO",0,0,0,0,0,0,0,0,0,0,0,1
"15507",15,"BOYACA","OTANCHE",0,0,0,1,0,0,0,0,0,0,0,0
"15514",15,"BOYACA","PAEZ",0,0,0,0,1,0,0,0,1,0,0,0
"15518",15,"BOYACA","PAJARITO",0,0,0,0,0,1,0,0,0,0,0,0
"15572",15,"BOYACA","PUERTO BOYACA",1,0,1,0,1,1,0,0,2,1,0,0
"15580",15,"BOYACA","QUIPAMA",0,0,0,0,0,0,0,0,0,0,1,0
"15660",15,"BOYACA","SAN EDUARDO",1,0,0,0,0,0,0,0,0,0,0,0
"15667",15,"BOYACA","SAN LUIS DE GACENO",1,0,0,0,0,1,0,0,0,0,0,0
"15690",15,"BOYACA","SANTA MARIA",0,0,0,0,0,1,0,0,0,0,0,0
"15755",15,"BOYACA","SOCOTA",0,0,0,0,1,0,0,0,0,0,0,0
"15804",15,"BOYACA","TIBANA",0,0,0,0,0,0,0,1,0,0,0,0
"15842",15,"BOYACA","UMBITA",0,0,0,1,0,0,0,0,0,0,0,0
"15897",15,"BOYACA","ZETAQUIRA",0,0,0,0,0,1,0,1,0,0,0,0
"17001",17,"CALDAS","MANIZALES",0,0,0,0,0,0,0,0,0,1,0,0
"17013",17,"CALDAS","AGUADAS",0,0,0,0,0,1,0,0,0,0,0,1
"17042",17,"CALDAS","ANSERMA",0,0,0,0,1,0,0,0,0,0,1,0
"17174",17,"CALDAS","CHINCHINA",0,0,0,0,1,1,1,0,0,1,0,0
"17272",17,"CALDAS","FILADELFIA",0,0,0,0,0,0,0,0,0,1,0,0
"17380",17,"CALDAS","LA DORADA",2,0,0,2,0,0,0,0,0,1,1,0
"17433",17,"CALDAS","MANZANARES",1,0,1,0,0,0,0,0,1,0,1,0
"17444",17,"CALDAS","MARQUETALIA",0,0,0,0,0,0,0,0,1,2,1,0
"17446",17,"CALDAS","MARULANDA",0,0,0,0,1,0,0,0,0,0,0,0
"17486",17,"CALDAS","NEIRA",0,0,0,0,0,0,0,0,0,0,1,0
"17495",17,"CALDAS","NORCASIA",0,0,0,0,0,0,0,0,0,1,0,1
"17513",17,"CALDAS","PACORA",0,0,0,0,0,1,0,0,0,0,0,0
"17524",17,"CALDAS","PALESTINA",0,0,0,1,0,0,0,0,0,0,0,0
"17541",17,"CALDAS","PENSILVANIA",0,1,1,0,0,0,0,1,1,1,0,0
"17614",17,"CALDAS","RIOSUCIO",0,1,0,0,0,1,0,0,0,0,0,1
"17662",17,"CALDAS","SAMANA",0,1,0,3,2,1,2,0,4,3,4,1
"17665",17,"CALDAS","SAN JOSE",0,0,0,0,0,0,0,0,0,0,0,2
"17777",17,"CALDAS","SUPIA",0,0,0,0,0,1,0,0,0,1,1,0
"17867",17,"CALDAS","VICTORIA",0,1,0,1,0,0,0,0,0,0,0,0
"18001",18,"CAQUETA","FLORENCIA",0,1,2,1,2,1,3,2,0,0,0,2
"18029",18,"CAQUETA","ALBANIA",1,0,0,2,0,0,0,0,0,0,0,0
"18094",18,"CAQUETA","BELEN DE LOS ANDAQUIES",0,0,1,1,2,0,0,0,2,0,0,0
"18150",18,"CAQUETA","CARTAGENA DEL CHAIRA",3,2,5,3,1,0,4,2,2,2,1,1
"18205",18,"CAQUETA","CURILLO",0,1,2,0,0,0,0,1,0,0,0,1
"18247",18,"CAQUETA","EL DONCELLO",0,0,0,1,0,2,0,0,0,0,0,0
"18256",18,"CAQUETA","EL PAUJIL",1,0,2,1,1,1,1,1,0,1,1,0
"18410",18,"CAQUETA","LA MONTANITA",0,0,2,2,1,0,0,1,0,0,0,0
"18460",18,"CAQUETA","MILAN",1,0,4,0,1,0,1,0,0,0,0,0
"18592",18,"CAQUETA","PUERTO RICO",1,1,1,3,0,1,1,1,1,1,1,1
"18610",18,"CAQUETA","SAN JOSE DEL FRAGUA",0,1,2,0,0,1,0,0,0,1,0,0
"18753",18,"CAQUETA","SAN VICENTE DEL CAGUAN",6,6,9,2,10,3,5,7,2,2,6,1
"18785",18,"CAQUETA","SOLITA",1,1,0,0,0,0,0,0,0,0,0,0
"18860",18,"CAQUETA","VALPARAISO",1,1,0,0,0,1,0,0,0,1,0,0
"19001",19,"CAUCA","POPAYAN",1,3,0,0,1,2,1,1,0,0,1,0
"19022",19,"CAUCA","ALMAGUER",1,0,1,0,0,0,0,0,0,0,0,0
"19050",19,"CAUCA","ARGELIA",0,0,0,0,0,0,1,0,0,0,0,0
"19075",19,"CAUCA","BALBOA",0,0,1,0,0,0,0,0,0,0,1,1
"19100",19,"CAUCA","BOLIVAR",0,2,2,0,2,1,0,1,0,0,1,2
"19110",19,"CAUCA","BUENOS AIRES",0,0,0,0,0,0,0,0,1,1,0,0
"19130",19,"CAUCA","CAJIBIO",0,0,0,0,1,0,0,0,1,1,0,1
"19137",19,"CAUCA","CALDONO",0,0,1,0,0,0,0,1,0,0,1,0
"19142",19,"CAUCA","CALOTO",0,0,0,0,0,0,0,1,0,0,0,0
"19212",19,"CAUCA","CORINTO",0,0,0,0,0,0,1,0,0,0,0,0
"19256",19,"CAUCA","EL TAMBO",2,2,1,1,1,1,1,0,0,1,4,2
"19318",19,"CAUCA","GUAPI",0,0,0,0,0,1,0,0,0,1,0,0
"19355",19,"CAUCA","INZA",0,0,0,0,0,0,0,1,1,0,0,0
"19364",19,"CAUCA","JAMBALO",0,0,0,0,1,0,0,0,0,0,0,0
"19392",19,"CAUCA","LA SIERRA",1,1,0,0,0,0,0,0,1,0,0,0
"19397",19,"CAUCA","LA VEGA",1,1,1,0,0,1,0,1,0,0,0,0
"19418",19,"CAUCA","LOPEZ (MICAY)",0,0,1,0,1,0,1,0,0,1,1,2
"19450",19,"CAUCA","MERCADERES",1,1,1,0,0,0,1,0,0,0,0,2
"19455",19,"CAUCA","MIRANDA",1,0,1,0,0,0,0,1,0,1,0,0
"19473",19,"CAUCA","MORALES",0,1,0,0,0,0,0,0,0,0,1,2
"19517",19,"CAUCA","PAEZ",0,0,0,0,0,0,0,0,1,0,0,0
"19532",19,"CAUCA","PATIA (EL BORDO)",0,1,0,2,0,1,0,0,1,0,1,0
"19533",19,"CAUCA","PIAMONTE",1,1,1,2,1,1,0,0,1,0,0,0
"19548",19,"CAUCA","PIENDAMO",0,0,1,1,1,0,1,0,0,0,1,1
"19622",19,"CAUCA","ROSAS",0,0,0,1,0,0,0,0,0,0,1,0
"19698",19,"CAUCA","SANTANDER DE QUILICHAO",0,0,2,0,2,0,1,2,0,0,0,1
"19701",19,"CAUCA","SANTA ROSA",0,0,0,0,0,0,0,0,0,0,0,1
"19780",19,"CAUCA","SUAREZ",0,0,0,0,0,1,0,0,0,0,0,0
"19785",19,"CAUCA","SUCRE",0,0,0,0,1,0,0,0,0,0,0,0
"19807",19,"CAUCA","TIMBIO",3,0,0,2,1,1,0,1,0,0,0,0
"19809",19,"CAUCA","TIMBIQUI",0,0,1,0,0,1,2,0,1,0,2,2
"19821",19,"CAUCA","TORIBIO",0,0,1,0,0,0,0,0,0,0,0,1
"19824",19,"CAUCA","TOTORO",0,0,0,0,0,1,0,0,1,0,0,0
"20001",20,"CESAR","VALLEDUPAR",2,3,1,1,2,4,5,2,3,6,3,4
"20011",20,"CESAR","AGUACHICA",1,1,4,5,6,5,2,3,5,2,4,2
"20013",20,"CESAR","AGUSTIN CODAZZI",2,1,0,1,2,1,1,2,2,2,3,3
"20032",20,"CESAR","ASTREA",0,1,1,1,1,0,1,1,2,0,0,1
"20045",20,"CESAR","BECERRIL",1,0,1,1,1,3,1,2,0,1,2,1
"20060",20,"CESAR","BOSCONIA",1,0,1,0,1,2,0,2,0,1,0,1
"20175",20,"CESAR","CHIMICHAGUA",0,2,1,0,1,3,1,2,2,1,2,0
"20178",20,"CESAR","CHIRIGUANA",1,0,1,3,2,1,1,2,1,1,0,0
"20228",20,"CESAR","CURUMANI",2,3,0,0,4,5,0,1,0,3,2,3
"20238",20,"CESAR","EL COPEY",2,0,3,1,2,2,1,3,0,2,2,2
"20250",20,"CESAR","EL PASO",0,0,3,0,1,1,0,1,1,3,1,2
"20295",20,"CESAR","GAMARRA",0,0,0,0,1,1,0,1,0,0,1,0
"20310",20,"CESAR","GONZALEZ",1,0,0,1,1,1,0,1,0,1,1,0
"20383",20,"CESAR","LA GLORIA",0,0,0,0,0,1,0,1,0,0,1,1
"20400",20,"CESAR","LA JAGUA DE IBIRICO",1,0,3,2,4,9,3,1,2,1,3,5
"20443",20,"CESAR","MANAURE BALCON DEL CESAR",0,0,0,0,0,1,1,2,0,0,0,1
"20517",20,"CESAR","PAILITAS",0,0,0,2,4,1,1,0,3,2,0,0
"20550",20,"CESAR","PELAYA",0,1,1,3,2,1,1,0,1,1,0,1
"20570",20,"CESAR","PUEBLO BELLO",1,0,1,3,0,3,1,3,2,1,1,2
"20614",20,"CESAR","RIO DE ORO",1,1,1,1,3,2,0,2,2,0,0,0
"20621",20,"CESAR","ROBLES (LA PAZ)",1,1,0,1,0,1,1,1,1,1,2,0
"20710",20,"CESAR","SAN ALBERTO",0,1,2,0,0,1,0,1,2,0,0,2
"20750",20,"CESAR","SAN DIEGO",0,0,0,1,2,2,1,2,1,1,2,0
"20770",20,"CESAR","SAN MARTIN",1,0,1,2,0,0,2,2,1,2,1,2
"20787",20,"CESAR","TAMALAMEQUE",0,2,1,2,0,2,1,1,2,1,1,0
"23001",23,"CORDOBA","MONTERIA",1,2,4,6,3,12,1,2,6,5,5,7
"23068",23,"CORDOBA","AYAPEL",0,1,1,0,0,0,0,0,0,1,0,2
"23079",23,"CORDOBA","BUENAVISTA",1,0,1,0,0,2,0,0,1,0,0,0
"23090",23,"CORDOBA","CANALETE",1,1,0,0,1,1,2,1,4,2,3,2
"23162",23,"CORDOBA","CERETE",0,1,1,1,1,3,2,1,0,2,2,1
"23168",23,"CORDOBA","CHIMA",0,0,0,0,0,1,0,1,1,0,0,0
"23182",23,"CORDOBA","CHINU",1,0,1,1,2,1,0,0,1,1,0,1
"23189",23,"CORDOBA","CIENAGA DE ORO",1,4,1,1,3,2,1,3,1,0,2,1
"23300",23,"CORDOBA","COTORRA",0,0,0,1,0,0,0,2,0,0,3,1
"23417",23,"CORDOBA","LORICA",0,0,1,0,1,3,0,4,1,1,1,0
"23419",23,"CORDOBA","LOS CORDOBAS",0,0,0,1,0,0,0,1,0,2,1,0
"23464",23,"CORDOBA","MOMIL",0,0,0,0,0,1,0,1,0,0,0,0
"23466",23,"CORDOBA","MONTELIBANO",2,0,0,1,3,0,0,3,2,1,1,0
"23500",23,"CORDOBA","MOÃ‘ITOS",0,0,1,1,0,0,0,1,0,1,1,2
"23555",23,"CORDOBA","PLANETA RICA",1,3,0,4,3,0,1,4,4,0,4,0
"23570",23,"CORDOBA","PUEBLO NUEVO",0,0,1,2,0,2,0,0,1,0,1,0
"23574",23,"CORDOBA","PUERTO ESCONDIDO",0,0,0,1,1,0,2,0,1,0,0,0
"23580",23,"CORDOBA","PUERTO LIBERTADOR",3,2,3,3,5,3,2,4,3,2,4,0
"23586",23,"CORDOBA","PURISIMA",0,0,0,0,0,0,0,0,1,1,1,1
"23660",23,"CORDOBA","SAHAGUN",2,0,1,0,0,3,1,1,0,0,1,1
"23670",23,"CORDOBA","SAN ANDRES SOTAVENTO",0,1,3,4,3,4,0,1,2,0,1,0
"23672",23,"CORDOBA","SAN ANTERO",2,0,0,0,0,4,1,2,0,3,0,0
"23675",23,"CORDOBA","SAN BERNARDO DEL VIENTO",1,0,0,0,1,1,1,1,0,2,0,2
"23678",23,"CORDOBA","SAN CARLOS",0,0,1,0,1,1,1,0,0,1,1,0
"23682",23,"CORDOBA","SAN JOSE DE URE",0,1,0,0,0,0,2,0,0,0,1,0
"23686",23,"CORDOBA","SAN PELAYO",0,0,0,1,0,1,0,1,1,0,1,0
"23807",23,"CORDOBA","TIERRALTA",3,3,5,3,4,7,7,5,4,7,6,4
"23815",23,"CORDOBA","TUCHIN",0,0,1,1,1,1,0,0,1,1,0,1
"23855",23,"CORDOBA","VALENCIA",0,0,0,1,2,9,2,3,5,1,0,3
"25001",25,"CUNDINAMARCA","AGUA DE DIOS",1,0,0,0,0,0,0,0,0,0,0,0
"25035",25,"CUNDINAMARCA","ANAPOIMA",0,0,0,0,0,0,0,0,1,0,0,0
"25040",25,"CUNDINAMARCA","ANOLAIMA",0,0,0,0,0,1,0,0,0,0,0,0
"25053",25,"CUNDINAMARCA","ARBELAEZ",0,0,0,0,0,0,0,0,0,1,0,1
"25086",25,"CUNDINAMARCA","BELTRAN",0,0,0,0,1,0,0,0,0,0,0,1
"25148",25,"CUNDINAMARCA","CAPARRAPI",0,0,0,0,0,0,0,0,0,0,1,1
"25151",25,"CUNDINAMARCA","CAQUEZA",0,1,1,0,0,0,0,0,1,1,0,0
"25168",25,"CUNDINAMARCA","CHAGUANI",0,0,0,1,0,0,0,0,0,0,0,1
"25178",25,"CUNDINAMARCA","CHIPAQUE",0,0,0,0,0,1,0,0,0,0,0,0
"25181",25,"CUNDINAMARCA","CHOACHI",0,0,0,0,0,0,0,1,0,0,0,0
"25269",25,"CUNDINAMARCA","FACATATIVA",0,0,0,0,0,1,0,0,0,0,0,0
"25279",25,"CUNDINAMARCA","FOMEQUE",0,0,0,0,0,1,0,0,0,0,0,0
"25290",25,"CUNDINAMARCA","FUSAGASUGA",0,1,0,1,0,1,0,0,0,1,0,0
"25293",25,"CUNDINAMARCA","GACHALA",0,0,0,0,0,1,0,0,0,0,0,0
"25299",25,"CUNDINAMARCA","GAMA",0,0,0,0,0,0,0,0,1,0,0,0
"25307",25,"CUNDINAMARCA","GIRARDOT",0,0,0,0,0,0,1,0,0,0,0,0
"25320",25,"CUNDINAMARCA","GUADUAS",0,2,0,1,0,0,0,0,0,0,1,0
"25324",25,"CUNDINAMARCA","GUATAQUI",0,0,0,0,0,0,0,0,0,0,1,0
"25328",25,"CUNDINAMARCA","GUAYABAL DE SIQUIMA",0,0,0,1,0,0,0,0,0,0,0,0
"25335",25,"CUNDINAMARCA","GUAYABETAL",0,0,0,0,0,1,0,0,0,0,0,1
"25368",25,"CUNDINAMARCA","JERUSALEN",0,0,0,0,0,1,0,0,0,0,0,0
"25386",25,"CUNDINAMARCA","LA MESA",0,0,0,0,1,0,0,0,0,0,0,0
"25402",25,"CUNDINAMARCA","LA VEGA",0,0,0,0,1,0,0,0,1,0,0,0
"25438",25,"CUNDINAMARCA","MEDINA",0,0,3,0,0,1,1,0,0,0,0,0
"25488",25,"CUNDINAMARCA","NILO",0,2,1,2,0,0,0,0,1,0,2,0
"25518",25,"CUNDINAMARCA","PAIME",1,0,0,0,0,0,0,0,0,0,1,0
"25530",25,"CUNDINAMARCA","PARATEBUENO",1,0,1,0,1,0,3,1,1,1,0,1
"25572",25,"CUNDINAMARCA","PUERTO SALGAR",0,0,0,0,1,1,0,0,0,0,2,0
"25580",25,"CUNDINAMARCA","PULI",0,0,0,1,0,1,0,0,0,0,0,0
"25592",25,"CUNDINAMARCA","QUEBRADANEGRA",0,0,0,0,0,1,0,0,0,0,0,0
"25594",25,"CUNDINAMARCA","QUETAME",0,0,1,0,1,0,0,0,0,1,0,0
"25599",25,"CUNDINAMARCA","RAFAEL REYES (APULO)",1,0,0,0,0,0,0,0,0,0,0,0
"25662",25,"CUNDINAMARCA","SAN JUAN DE RIO SECO",0,0,0,0,1,0,0,0,0,0,1,0
"25718",25,"CUNDINAMARCA","SASAIMA",0,1,0,0,0,0,0,0,0,0,0,0
"25743",25,"CUNDINAMARCA","SILVANIA",0,0,0,0,0,0,0,0,0,0,1,0
"25815",25,"CUNDINAMARCA","TOCAIMA",0,0,1,0,0,0,0,0,0,0,0,0
"25839",25,"CUNDINAMARCA","UBALA",0,0,0,0,0,0,0,0,1,0,1,0
"25851",25,"CUNDINAMARCA","UTICA",0,0,0,0,0,0,0,0,0,0,1,1
"25867",25,"CUNDINAMARCA","VIANI",0,1,0,0,0,0,0,0,0,0,0,0
"25885",25,"CUNDINAMARCA","YACOPI",0,0,1,0,0,1,0,0,0,1,1,0
"27001",27,"CHOCO","QUIBDO",4,2,3,1,4,2,3,0,3,4,3,4
"27006",27,"CHOCO","ACANDI",2,0,2,0,1,0,0,0,0,2,1,1
"27025",27,"CHOCO","ALTO BAUDO (PIE DE PATO)",0,2,1,1,1,2,1,1,0,1,0,1
"27050",27,"CHOCO","ATRATO",0,0,0,0,2,2,0,0,0,1,0,0
"27073",27,"CHOCO","BAGADO",0,0,1,0,2,1,0,0,1,0,0,2
"27075",27,"CHOCO","BAHIA SOLANO (MUTIS)",0,1,0,0,0,0,0,0,0,0,1,0
"27077",27,"CHOCO","BAJO BAUDO (PIZARRO)",1,1,1,0,0,0,0,0,0,0,0,0
"27086",27,"CHOCO","BELÃ‰N DE BAJIRA",0,0,0,0,0,0,0,0,0,0,1,1
"27099",27,"CHOCO","BOJAYA (BELLAVISTA)",3,4,3,3,0,2,0,2,0,0,0,0
"27135",27,"CHOCO","CANTON DE SAN PABLO (MANAGRU)",0,0,1,0,0,0,0,0,0,1,0,0
"27150",27,"CHOCO","CARMEN DEL DARIEN",2,2,4,3,2,3,1,3,4,2,3,1
"27160",27,"CHOCO","CERTEGUI",1,0,0,0,0,0,0,0,0,0,0,0
"27205",27,"CHOCO","CONDOTO",0,0,0,0,0,0,0,0,0,0,1,0
"27250",27,"CHOCO","LITORAL DEL BAJO SAN JUAN",1,2,0,1,0,3,0,0,0,2,0,0
"27361",27,"CHOCO","ITSMINA",0,1,1,0,1,0,0,0,0,0,0,1
"27372",27,"CHOCO","JURADO",1,0,0,0,0,2,0,0,0,0,0,1
"27413",27,"CHOCO","LLORO",0,1,1,0,1,1,1,0,0,0,1,1
"27450",27,"CHOCO","MEDIO SAN JUAN",0,0,1,0,1,0,0,0,0,1,0,0
"27491",27,"CHOCO","NOVITA",1,0,0,0,0,0,1,0,0,2,1,0
"27495",27,"CHOCO","NUQUI",0,3,1,1,3,0,1,0,0,0,0,0
"27580",27,"CHOCO","RIO IRO",0,0,2,0,1,0,1,0,0,0,0,1
"27600",27,"CHOCO","RIOQUITO",1,0,0,0,1,1,0,0,0,1,0,0
"27615",27,"CHOCO","RIOSUCIO",2,7,0,1,7,3,2,5,1,3,1,4
"27660",27,"CHOCO","SAN JOSE DEL PALMAR",0,1,2,2,0,0,0,0,1,0,2,0
"27745",27,"CHOCO","SIPI",0,0,1,0,0,0,0,0,0,0,0,0
"27787",27,"CHOCO","TADO",2,1,0,0,1,0,1,0,0,0,0,2
"27800",27,"CHOCO","UNGUIA",1,0,0,1,0,0,0,0,0,0,0,2
"41001",41,"HUILA","NEIVA",0,0,0,0,0,0,1,1,0,0,1,1
"41006",41,"HUILA","ACEVEDO",2,0,0,2,0,4,0,0,1,1,3,2
"41013",41,"HUILA","AGRADO",0,0,0,0,0,0,1,0,0,0,0,0
"41020",41,"HUILA","ALGECIRAS",0,2,1,0,1,0,2,1,1,0,0,1
"41026",41,"HUILA","ALTAMIRA",0,0,0,0,1,0,0,0,0,0,2,0
"41132",41,"HUILA","CAMPOALEGRE",0,0,1,0,1,0,0,0,0,1,0,0
"41244",41,"HUILA","ELIAS",0,0,0,0,0,1,0,0,0,0,0,0
"41298",41,"HUILA","GARZON",0,0,0,0,0,1,0,1,0,0,2,1
"41306",41,"HUILA","GIGANTE",4,0,1,1,2,1,2,0,0,0,0,1
"41319",41,"HUILA","GUADALUPE",2,2,0,1,0,0,0,0,0,0,0,1
"41349",41,"HUILA","HOBO",1,0,1,0,1,0,0,1,0,0,0,0
"41396",41,"HUILA","LA PLATA",2,0,0,0,0,1,0,1,1,1,0,0
"41503",41,"HUILA","OPORAPA",0,1,0,0,0,1,0,1,1,0,0,0
"41524",41,"HUILA","PALERMO",1,0,2,0,0,1,0,0,1,0,1,0
"41530",41,"HUILA","PALESTINA",0,0,0,0,1,1,0,0,2,2,1,3
"41548",41,"HUILA","PITAL",0,0,0,0,0,0,0,0,0,0,1,0
"41551",41,"HUILA","PITALITO",1,2,1,1,1,3,2,4,2,1,3,0
"41615",41,"HUILA","RIVERA",0,0,0,0,0,0,1,0,0,0,1,1
"41660",41,"HUILA","SALADOBLANCO",0,0,0,0,0,0,1,0,0,0,0,0
"41668",41,"HUILA","SAN AGUSTIN",0,1,0,0,2,0,0,1,0,0,1,0
"41770",41,"HUILA","SUAZA",1,2,1,0,0,0,1,2,1,0,3,0
"41791",41,"HUILA","TARQUI",0,1,0,0,0,0,0,0,0,0,0,0
"41797",41,"HUILA","TESALIA",0,0,0,0,0,1,0,0,0,0,0,0
"41799",41,"HUILA","TELLO",0,1,0,1,1,0,1,1,0,0,0,0
"41801",41,"HUILA","TERUEL",0,1,0,0,0,0,0,0,0,0,0,1
"41807",41,"HUILA","TIMANA",1,2,1,1,1,3,1,0,1,1,2,0
"41872",41,"HUILA","VILLAVIEJA",0,0,0,0,0,0,1,0,0,0,0,0
"41885",41,"HUILA","YAGUARA",1,0,0,0,0,0,0,0,0,0,0,0
"44001",44,"GUAJIRA","RIOHACHA",1,0,2,2,3,2,1,4,1,0,3,4
"44035",44,"GUAJIRA","ALBANIA",0,0,2,0,1,0,0,1,6,2,2,0
"44078",44,"GUAJIRA","BARRANCAS",1,0,0,1,0,2,1,2,0,1,1,3
"44090",44,"GUAJIRA","DIBULLA",2,0,1,0,2,1,1,0,2,0,1,3
"44098",44,"GUAJIRA","DISTRACCION",0,0,1,0,0,0,0,0,0,0,0,1
"44110",44,"GUAJIRA","EL MOLINO",0,0,0,0,2,0,0,1,1,0,0,0
"44279",44,"GUAJIRA","FONSECA",2,0,0,0,0,0,1,2,0,1,0,1
"44378",44,"GUAJIRA","HATONUEVO",1,0,0,0,0,0,3,0,0,1,0,0
"44420",44,"GUAJIRA","LA JAGUA DEL PILAR",0,0,0,0,0,2,0,0,0,0,0,0
"44430",44,"GUAJIRA","MAICAO",2,3,2,0,1,3,0,2,2,3,3,0
"44560",44,"GUAJIRA","MANAURE",0,0,0,0,1,0,0,0,0,0,1,0
"44650",44,"GUAJIRA","SAN JUAN DEL CESAR",1,0,1,0,3,2,0,0,1,1,0,2
"44847",44,"GUAJIRA","URIBIA",1,0,0,0,0,2,1,0,1,2,3,0
"44855",44,"GUAJIRA","URUMITA",2,0,0,0,0,2,0,3,0,0,1,0
"44874",44,"GUAJIRA","VILLANUEVA",0,1,0,0,1,1,0,1,1,1,1,0
"47001",47,"MAGDALENA","SANTA MARTHA",2,3,1,0,3,3,2,1,2,2,3,4
"47030",47,"MAGDALENA","ALGARROBO",0,0,0,0,0,1,0,1,0,1,2,0
"47053",47,"MAGDALENA","ARACATACA",3,0,0,1,2,1,2,4,3,2,0,0
"47058",47,"MAGDALENA","ARIGUANI (EL DIFICIL)",0,0,1,0,1,0,0,1,1,0,2,0
"47161",47,"MAGDALENA","CERRO SAN ANTONIO",0,0,0,0,0,1,0,1,0,0,0,0
"47170",47,"MAGDALENA","CHIVOLO",0,0,2,0,2,0,0,1,1,1,0,3
"47189",47,"MAGDALENA","CIENAGA",0,0,1,3,2,1,0,4,3,1,2,2
"47205",47,"MAGDALENA","CONCORDIA",1,0,0,0,0,1,0,0,0,0,0,0
"47245",47,"MAGDALENA","EL BANCO",0,2,2,0,0,0,0,1,0,1,1,1
"47258",47,"MAGDALENA","EL PIÃ‘ON",0,0,0,0,0,0,1,0,0,0,0,1
"47268",47,"MAGDALENA","EL RETEN",2,0,1,1,0,1,0,2,1,1,0,0
"47288",47,"MAGDALENA","FUNDACION",3,2,1,0,1,0,1,1,2,4,1,0
"47318",47,"MAGDALENA","GUAMAL",0,0,0,1,1,2,0,1,2,0,0,2
"47460",47,"MAGDALENA","NUEVA GRANADA",0,0,0,0,1,0,0,0,0,0,0,0
"47545",47,"MAGDALENA","PIJIÃ‘O DEL CARMEN (PIJIÃ‘O)",0,0,0,1,0,2,0,0,0,0,1,1
"47551",47,"MAGDALENA","PIVIJAY",2,0,0,0,0,1,1,1,0,0,3,1
"47555",47,"MAGDALENA","PLATO",0,0,0,0,0,0,1,2,1,0,1,0
"47660",47,"MAGDALENA","SABANAS DE SAN ANGEL",0,0,0,0,1,0,0,0,0,1,0,0
"47675",47,"MAGDALENA","SALAMINA",0,0,0,0,0,0,0,0,1,0,2,1
"47692",47,"MAGDALENA","SAN SEBASTIAN DE BUENAVISTA",0,0,0,0,0,0,1,0,0,2,0,0
"47703",47,"MAGDALENA","SAN ZENON",0,0,0,0,0,0,0,0,0,0,2,0
"47707",47,"MAGDALENA","SANTA ANA",1,0,2,0,1,1,0,0,0,0,0,1
"47720",47,"MAGDALENA","SANTA BARBARA DE PINTO",0,1,1,0,0,1,0,0,0,0,0,0
"47745",47,"MAGDALENA","SITIO NUEVO",0,0,0,0,0,0,1,1,0,0,1,0
"47798",47,"MAGDALENA","TENERIFE",0,1,0,0,2,0,0,0,0,0,0,1
"47960",47,"MAGDALENA","ZAPAYAN",0,0,0,0,0,1,0,0,1,0,0,0
"50001",50,"META","VILLAVICENCIO",9,2,0,9,2,6,3,4,2,5,4,4
"50006",50,"META","ACACIAS",3,0,0,2,1,0,0,2,0,1,1,2
"50110",50,"META","BARRANCA DE UPIA",0,0,3,0,1,0,1,0,0,0,0,1
"50124",50,"META","CABUYARO",0,0,0,0,0,0,2,0,1,1,0,0
"50150",50,"META","CASTILLA LA NUEVA",0,0,1,0,0,2,0,0,0,0,0,0
"50223",50,"META","CUBARRAL",0,0,0,0,0,0,1,0,0,1,0,0
"50226",50,"META","CUMARAL",0,1,0,2,1,0,0,0,0,1,0,1
"50251",50,"META","EL CASTILLO",0,1,0,1,0,0,0,0,0,0,0,0
"50270",50,"META","EL DORADO",0,0,0,0,0,1,0,1,0,0,0,0
"50287",50,"META","FUENTE DE ORO",0,0,0,0,1,1,0,0,2,1,0,1
"50313",50,"META","GRANADA",1,1,0,3,2,2,1,1,1,1,1,2
"50318",50,"META","GUAMAL",0,0,0,0,0,0,0,1,0,0,0,0
"50325",50,"META","MAPIRIPAN",0,0,0,1,0,0,0,0,0,2,0,1
"50330",50,"META","MESETAS",0,0,2,1,0,1,0,0,0,0,1,0
"50350",50,"META","LA MACARENA",1,2,0,1,2,2,1,0,1,0,2,0
"50370",50,"META","LA URIBE",0,0,0,2,0,0,2,0,0,1,0,1
"50400",50,"META","LEJANIAS",0,0,0,0,1,0,0,0,0,0,1,0
"50450",50,"META","PUERTO CONCORDIA",0,0,0,1,0,3,0,1,0,2,0,1
"50568",50,"META","PUERTO GAITAN",0,5,0,2,1,1,1,1,1,1,1,0
"50573",50,"META","PUERTO LOPEZ",0,0,3,2,3,3,3,2,0,0,0,3
"50577",50,"META","PUERTO LLERAS",4,1,1,2,0,4,2,0,0,0,0,0
"50590",50,"META","PUERTO RICO",1,2,2,1,0,1,0,0,2,0,2,1
"50606",50,"META","RESTREPO",0,0,0,2,1,0,0,0,0,0,0,0
"50680",50,"META","SAN CARLOS DE GUAROA",1,2,1,1,1,2,1,2,1,1,1,1
"50683",50,"META","SAN JUAN DE ARAMA",0,1,0,1,2,0,0,0,0,0,0,0
"50689",50,"META","SAN MARTIN",1,1,4,0,3,1,1,0,0,0,0,2
"50711",50,"META","VISTAHERMOSA",2,0,3,4,0,4,1,2,0,4,2,3
"52019",52,"NARIÑO","ALBAN (SAN JOSE)",0,0,0,0,0,0,0,1,0,0,0,1
"52036",52,"NARIÑO","ANCUYA",0,0,0,0,1,0,0,0,0,0,0,0
"52079",52,"NARIÑO","BARBACOAS",1,1,0,0,0,0,0,0,1,1,1,1
"52110",52,"NARIÑO","BUESACO",1,0,0,1,0,0,0,1,1,0,0,0
"52250",52,"NARIÑO","EL CHARCO",0,3,1,1,1,0,0,0,0,0,0,1
"52254",52,"NARIÑO","EL PEÃ‘OL",0,1,0,0,0,0,0,0,0,0,0,0
"52256",52,"NARIÑO","EL ROSARIO",0,0,0,0,0,0,0,0,0,0,0,1
"52260",52,"NARIÑO","EL TAMBO",0,0,0,1,0,0,0,0,0,0,0,0
"52287",52,"NARIÑO","FUNES",0,0,0,0,0,0,0,0,0,0,0,1
"52356",52,"NARIÑO","IPIALES",0,0,0,0,0,1,0,0,0,0,0,0
"52378",52,"NARIÑO","LA CRUZ",1,0,0,0,0,0,0,0,0,0,0,0
"52385",52,"NARIÑO","LA LLANADA",0,0,0,0,0,1,0,0,0,0,0,0
"52390",52,"NARIÑO","LA TOLA",0,0,0,0,0,0,0,0,1,0,0,0
"52399",52,"NARIÑO","LA UNION",0,0,0,0,0,1,0,0,1,0,0,0
"52405",52,"NARIÑO","LEIVA",0,1,1,0,0,1,0,0,0,0,0,1
"52411",52,"NARIÑO","LINARES",0,0,0,0,0,0,1,0,0,0,0,0
"52418",52,"NARIÑO","LOS ANDES (SOTOMAYOR)",1,0,0,0,0,0,0,0,0,0,0,0
"52427",52,"NARIÑO","MAGUI (PAYAN)",0,0,0,0,0,0,1,0,0,1,1,0
"52473",52,"NARIÑO","MOSQUERA",0,0,0,0,0,0,0,1,0,0,0,0
"52490",52,"NARIÑO","OLAYA HERRERA(BOCAS DE SATINGA",0,0,0,0,0,0,0,1,0,0,1,2
"52520",52,"NARIÑO","FRANCISCO PIZARRO (SALAHONDA)",0,0,0,0,0,0,0,1,0,1,1,0
"52540",52,"NARIÑO","POLICARPA",0,0,0,0,0,0,1,0,0,0,0,0
"52612",52,"NARIÑO","RICAURTE",0,0,0,0,1,1,1,0,0,1,1,0
"52678",52,"NARIÑO","SAMANIEGO",0,1,0,1,0,0,0,1,0,0,0,0
"52683",52,"NARIÑO","SANDONA",0,0,0,0,0,1,0,0,0,0,0,0
"52687",52,"NARIÑO","SAN LORENZO",0,0,0,0,1,1,1,0,0,0,0,0
"52699",52,"NARIÑO","SANTA CRUZ (GUACHAVES)",0,0,0,0,0,1,0,0,1,0,0,0
"52788",52,"NARIÑO","TANGUA",0,0,0,0,0,1,0,0,0,0,0,0
"52835",52,"NARIÑO","TUMACO",2,2,2,2,3,1,4,2,3,1,1,6
"54001",54,"NORTE SANTANDER","CUCUTA",2,1,5,1,5,5,2,3,1,3,2,5
"54003",54,"NORTE SANTANDER","ABREGO",2,0,1,1,3,3,2,4,0,1,4,1
"54051",54,"NORTE SANTANDER","ARBOLEDAS",0,0,0,1,0,0,0,0,0,1,0,0
"54099",54,"NORTE SANTANDER","BOCHALEMA",0,0,1,1,1,0,0,1,0,1,1,0
"54109",54,"NORTE SANTANDER","BUCARASICA",0,0,0,0,0,1,0,0,0,0,2,0
"54128",54,"NORTE SANTANDER","CACHIRA",0,0,0,1,0,0,1,1,0,1,0,0
"54172",54,"NORTE SANTANDER","CHINACOTA",1,0,0,1,1,0,0,0,1,1,2,0
"54206",54,"NORTE SANTANDER","CONVENCION",1,3,3,0,1,1,0,0,0,0,5,0
"54239",54,"NORTE SANTANDER","DURANIA",0,1,0,0,0,1,1,1,1,1,0,0
"54245",54,"NORTE SANTANDER","EL CARMEN",0,1,0,4,4,2,2,4,2,2,2,0
"54250",54,"NORTE SANTANDER","EL TARRA",3,5,2,1,5,3,1,1,3,2,3,2
"54261",54,"NORTE SANTANDER","EL ZULIA",1,1,3,2,2,3,4,0,0,2,4,1
"54313",54,"NORTE SANTANDER","GRAMALOTE",1,0,1,0,0,1,0,0,0,0,0,0
"54344",54,"NORTE SANTANDER","HACARI",3,1,0,0,0,0,1,0,0,2,5,2
"54385",54,"NORTE SANTANDER","LA ESPERANZA",1,0,0,0,2,0,0,0,0,0,1,0
"54398",54,"NORTE SANTANDER","LA PLAYA",0,1,0,0,0,1,0,2,0,1,2,1
"54405",54,"NORTE SANTANDER","LOS PATIOS",0,2,2,1,0,0,0,0,2,0,0,1
"54418",54,"NORTE SANTANDER","LOURDES",0,0,0,1,0,0,0,0,0,0,0,1
"54498",54,"NORTE SANTANDER","OCAÃ‘A",0,3,1,3,3,5,1,5,5,1,2,3
"54520",54,"NORTE SANTANDER","PAMPLONITA",0,1,0,0,0,0,0,0,0,1,0,0
"54553",54,"NORTE SANTANDER","PUERTO SANTANDER",0,0,0,1,0,0,0,0,0,0,1,0
"54599",54,"NORTE SANTANDER","RAGONVALIA",0,0,0,0,1,0,0,0,0,0,0,0
"54660",54,"NORTE SANTANDER","SALAZAR",0,1,0,0,1,3,1,0,0,2,1,0
"54670",54,"NORTE SANTANDER","SAN CALIXTO",0,0,0,0,1,3,0,1,1,0,0,1
"54673",54,"NORTE SANTANDER","SAN CAYETANO",0,0,0,1,1,0,0,0,0,0,1,0
"54680",54,"NORTE SANTANDER","SANTIAGO",0,0,0,0,0,0,0,1,0,0,0,0
"54720",54,"NORTE SANTANDER","SARDINATA",2,0,2,0,2,0,0,3,2,0,1,3
"54800",54,"NORTE SANTANDER","TEORAMA",1,3,6,3,4,2,3,3,3,1,10,2
"54810",54,"NORTE SANTANDER","TIBU",1,1,1,4,6,9,8,9,2,7,14,6
"54820",54,"NORTE SANTANDER","TOLEDO",1,0,3,1,0,0,0,0,1,1,4,0
"54874",54,"NORTE SANTANDER","VILLA DEL ROSARIO",0,0,1,2,2,0,1,0,1,0,0,0
"63001",63,"QUINDIO","ARMENIA",0,0,0,0,0,1,0,0,0,1,0,1
"63130",63,"QUINDIO","CALARCA",0,1,1,0,0,1,0,0,0,0,0,0
"63190",63,"QUINDIO","CIRCASIA",0,1,1,0,0,0,0,0,0,0,1,0
"63212",63,"QUINDIO","CORDOBA",0,0,0,0,0,0,1,0,0,0,0,0
"63401",63,"QUINDIO","LA TEBAIDA",0,0,0,0,0,1,0,1,0,0,0,0
"63470",63,"QUINDIO","MONTENEGRO",0,0,0,0,0,0,0,1,0,1,0,0
"63548",63,"QUINDIO","PIJAO",2,0,0,0,1,1,0,0,0,0,0,1
"63594",63,"QUINDIO","QUIMBAYA",0,0,0,1,0,0,0,0,0,1,0,0
"66001",66,"RISARALDA","PEREIRA",1,0,3,1,1,0,0,3,0,0,3,0
"66045",66,"RISARALDA","APIA",1,1,0,1,1,0,1,0,0,0,0,0
"66075",66,"RISARALDA","BALBOA",0,0,1,0,0,0,0,0,0,0,0,0
"66088",66,"RISARALDA","BELEN DE UMBRIA",0,0,0,0,0,0,0,0,0,0,1,0
"66170",66,"RISARALDA","DOSQUEBRADAS",0,0,0,0,0,0,2,0,0,0,0,0
"66318",66,"RISARALDA","GUATICA",0,0,0,0,1,1,1,0,0,0,0,0
"66383",66,"RISARALDA","LA CELIA",1,0,0,0,0,0,0,0,0,0,0,0
"66400",66,"RISARALDA","LA VIRGINIA",0,0,0,0,0,0,1,0,0,0,0,0
"66456",66,"RISARALDA","MISTRATO",1,1,1,0,2,0,1,1,1,0,2,0
"66572",66,"RISARALDA","PUEBLO RICO",3,3,0,1,0,4,0,1,2,2,1,0
"66594",66,"RISARALDA","QUINCHIA",0,0,0,0,1,0,0,0,0,0,0,0
"66682",66,"RISARALDA","SANTA ROSA DE CABAL",0,1,1,0,0,0,0,0,0,0,0,0
"66687",66,"RISARALDA","SANTUARIO",0,0,0,1,0,3,0,0,0,0,0,0
"68001",68,"SANTANDER","BUCARAMANGA",0,0,0,0,1,1,2,2,0,0,0,0
"68077",68,"SANTANDER","BARBOSA",0,0,0,0,0,0,0,0,0,1,0,0
"68081",68,"SANTANDER","BARRANCABERMEJA",2,5,5,3,4,5,5,2,1,2,4,4
"68092",68,"SANTANDER","BETULIA",0,1,0,0,0,0,1,0,0,0,1,0
"68101",68,"SANTANDER","BOLIVAR",0,0,1,0,0,0,0,0,0,0,0,0
"68190",68,"SANTANDER","CIMITARRA",5,1,4,1,2,2,5,0,2,1,1,2
"68209",68,"SANTANDER","CONFINES",0,0,0,0,0,0,0,0,0,1,0,0
"68217",68,"SANTANDER","COROMORO",1,0,0,0,0,0,0,0,0,0,0,0
"68229",68,"SANTANDER","CURITI",0,0,0,0,1,0,0,0,0,0,0,0
"68235",68,"SANTANDER","EL CARMEN DE CHUCURI",1,1,1,0,0,2,2,2,0,0,1,0
"68245",68,"SANTANDER","EL GUACAMAYO",0,0,1,0,0,0,0,0,0,0,0,0
"68255",68,"SANTANDER","EL PLAYON",0,1,0,1,1,4,0,2,0,0,2,1
"68266",68,"SANTANDER","ENCISO",0,0,0,0,0,0,1,0,0,0,1,0
"68271",68,"SANTANDER","FLORIAN",1,0,0,0,0,0,0,0,0,0,0,0
"68276",68,"SANTANDER","FLORIDABLANCA",0,0,1,0,0,1,0,0,1,0,0,0
"68296",68,"SANTANDER","GALAN",1,0,0,0,0,1,0,0,0,0,0,0
"68320",68,"SANTANDER","GUADALUPE",2,0,0,0,0,0,0,0,0,0,0,0
"68322",68,"SANTANDER","GUAPOTA",0,0,0,0,0,0,0,0,0,0,1,0
"68344",68,"SANTANDER","HATO",0,0,0,0,0,0,1,0,0,0,0,0
"68377",68,"SANTANDER","LA BELLEZA",0,0,1,0,0,0,0,0,0,1,0,0
"68385",68,"SANTANDER","LANDAZURI",0,0,3,0,1,1,1,1,1,0,0,0
"68397",68,"SANTANDER","LA PAZ",1,0,0,0,0,0,1,0,0,0,1,0
"68406",68,"SANTANDER","LEBRIJA",3,1,0,2,3,3,1,0,1,6,1,2
"68418",68,"SANTANDER","LOS SANTOS",0,0,1,0,1,0,0,0,0,0,0,0
"68444",68,"SANTANDER","MATANZA",0,0,0,0,0,0,0,0,0,1,0,0
"68500",68,"SANTANDER","OIBA",0,0,0,0,1,0,0,0,0,0,0,0
"68502",68,"SANTANDER","ONZAGA",0,0,0,0,1,0,0,0,0,0,0,0
"68524",68,"SANTANDER","PALMAS SOCORRO",0,0,0,0,1,0,0,0,0,0,0,0
"68533",68,"SANTANDER","PARAMO",1,0,0,0,0,0,0,0,0,0,0,0
"68547",68,"SANTANDER","PIEDECUESTA",0,1,1,2,2,0,0,0,1,0,0,0
"68573",68,"SANTANDER","PUERTO PARRA",0,1,0,0,0,0,0,0,0,1,0,0
"68575",68,"SANTANDER","PUERTO WILCHES",1,1,0,1,2,2,0,0,0,1,1,1
"68615",68,"SANTANDER","RIONEGRO",0,1,0,0,1,0,1,0,1,2,1,0
"68655",68,"SANTANDER","SABANA DE TORRES",1,2,2,1,2,3,2,3,1,1,0,3
"68679",68,"SANTANDER","SAN GIL",0,0,1,0,0,1,0,0,0,0,0,0
"68684",68,"SANTANDER","SAN JOSE DE MIRANDA",0,0,0,0,0,0,0,0,0,0,0,1
"68689",68,"SANTANDER","SAN VICENTE DE CHUCURI",1,0,1,1,0,1,0,3,1,2,0,0
"68720",68,"SANTANDER","SANTA HELENA DEL OPON",0,0,0,0,0,1,0,0,1,0,0,0
"68745",68,"SANTANDER","SIMACOTA",0,0,0,0,0,0,2,0,0,0,0,0
"68755",68,"SANTANDER","SOCORRO",0,2,0,0,0,0,0,0,0,0,0,0
"68770",68,"SANTANDER","SUAITA",0,1,0,0,1,0,0,0,0,0,0,0
"68855",68,"SANTANDER","VALLE DE SAN JOSE",0,0,0,0,0,0,0,0,0,0,1,1
"68895",68,"SANTANDER","ZAPATOCA",0,0,0,1,0,0,0,0,0,0,0,0
"70001",70,"SUCRE","SINCELEJO",2,4,4,1,5,5,1,1,2,2,4,4
"70110",70,"SUCRE","BUENAVISTA",0,0,0,0,0,1,0,0,1,0,0,0
"70124",70,"SUCRE","CAIMITO",0,0,0,0,0,1,0,0,0,0,0,1
"70204",70,"SUCRE","COLOSO (RICAURTE)",1,0,0,0,0,1,1,0,0,0,1,0
"70215",70,"SUCRE","COROZAL",1,0,0,0,0,0,0,0,2,0,0,0
"70221",70,"SUCRE","COVEÃ‘AS",2,0,0,1,0,2,1,0,1,0,0,0
"70230",70,"SUCRE","CHALAN",0,1,0,1,0,0,0,0,0,0,0,0
"70233",70,"SUCRE","EL ROBLE",0,0,0,1,0,0,0,0,0,2,0,1
"70235",70,"SUCRE","GALERAS (NUEVA GRANADA)",2,0,0,1,0,0,0,0,0,0,0,0
"70265",70,"SUCRE","GUARANDA",0,2,0,0,1,0,0,1,0,1,0,0
"70418",70,"SUCRE","LOS PALMITOS",0,1,0,0,0,0,2,0,0,0,2,0
"70429",70,"SUCRE","MAJAGUAL",0,0,0,2,3,1,1,1,0,0,0,0
"70473",70,"SUCRE","MORROA",0,0,2,1,3,1,0,0,1,0,0,1
"70508",70,"SUCRE","OVEJAS",2,1,1,2,4,4,1,0,0,0,2,2
"70523",70,"SUCRE","PALMITO",0,0,0,0,0,0,0,1,0,0,0,0
"70670",70,"SUCRE","SAMPUES",0,1,0,1,1,0,0,1,1,0,0,0
"70678",70,"SUCRE","SAN BENITO ABAD",0,0,2,0,1,0,0,0,0,0,0,0
"70702",70,"SUCRE","SAN JUAN DE BETULIA",1,0,0,0,0,0,0,0,1,0,1,0
"70708",70,"SUCRE","SAN MARCOS",2,0,1,2,0,1,0,2,1,1,0,2
"70713",70,"SUCRE","SAN ONOFRE",0,1,0,1,1,1,1,3,5,0,1,2
"70717",70,"SUCRE","SAN PEDRO",1,0,0,0,0,1,0,1,0,0,1,0
"70771",70,"SUCRE","SUCRE",0,0,1,0,0,0,0,1,0,1,0,0
"70820",70,"SUCRE","TOLU",2,1,0,0,0,0,1,2,1,0,1,0
"73001",73,"TOLIMA","IBAGUE",1,0,0,0,1,0,0,0,0,1,2,1
"73024",73,"TOLIMA","ALPUJARRA",0,0,0,0,1,0,0,0,0,0,0,0
"73026",73,"TOLIMA","ALVARADO",0,1,2,0,0,1,0,0,0,0,0,0
"73030",73,"TOLIMA","AMBALEMA",0,0,0,0,0,0,0,1,0,0,0,0
"73043",73,"TOLIMA","ANZOATEGUI",0,1,0,0,2,0,0,1,0,1,0,0
"73055",73,"TOLIMA","ARMERO (GUAYABAL)",0,1,0,0,1,1,0,0,0,0,0,0
"73067",73,"TOLIMA","ATACO",0,0,1,0,0,1,0,1,1,1,0,1
"73124",73,"TOLIMA","CAJAMARCA",1,0,0,0,0,0,0,0,0,0,0,0
"73148",73,"TOLIMA","CARMEN DE APICALA",0,0,2,0,1,0,0,0,0,1,0,0
"73152",73,"TOLIMA","CASABIANCA",0,1,0,0,0,0,0,1,0,0,0,1
"73168",73,"TOLIMA","CHAPARRAL",0,1,1,1,2,1,1,0,0,1,0,3
"73200",73,"TOLIMA","COELLO",0,0,0,0,0,0,0,0,1,0,0,0
"73217",73,"TOLIMA","COYAIMA",0,1,0,1,1,0,0,0,0,0,1,0
"73226",73,"TOLIMA","CUNDAY",1,0,0,0,0,0,0,1,0,1,0,0
"73236",73,"TOLIMA","DOLORES",0,0,0,0,2,0,1,0,0,0,1,0
"73268",73,"TOLIMA","ESPINAL",0,0,0,0,0,0,0,0,0,1,0,0
"73270",73,"TOLIMA","FALAN",0,1,1,0,0,1,0,0,0,0,0,0
"73275",73,"TOLIMA","FLANDES",0,0,0,0,0,0,0,1,0,0,0,0
"73283",73,"TOLIMA","FRESNO",0,0,1,2,1,1,0,0,0,1,1,1
"73319",73,"TOLIMA","GUAMO",0,1,0,0,0,1,0,0,0,0,0,1
"73347",73,"TOLIMA","HERVEO",0,0,0,1,1,0,0,0,0,0,0,0
"73349",73,"TOLIMA","HONDA",3,0,0,0,1,0,0,0,0,0,0,1
"73352",73,"TOLIMA","ICONONZO",0,0,0,1,1,0,0,0,0,0,0,0
"73408",73,"TOLIMA","LERIDA",0,0,0,0,1,0,1,0,0,0,1,0
"73411",73,"TOLIMA","LIBANO",0,0,0,1,1,1,1,0,3,0,0,0
"73443",73,"TOLIMA","MARIQUITA",0,0,2,1,0,1,0,2,0,0,0,0
"73449",73,"TOLIMA","MELGAR",0,1,0,1,0,2,0,1,0,0,1,0
"73483",73,"TOLIMA","NATAGAIMA",0,0,0,0,0,0,0,0,0,0,0,1
"73504",73,"TOLIMA","ORTEGA",2,0,2,0,2,0,1,0,0,0,1,2
"73555",73,"TOLIMA","PLANADAS",0,0,0,0,1,1,0,0,0,0,0,0
"73563",73,"TOLIMA","PRADO",0,0,0,1,0,2,0,0,1,0,0,0
"73585",73,"TOLIMA","PURIFICACION",1,0,1,0,0,0,1,0,0,0,0,0
"73616",73,"TOLIMA","RIOBLANCO",0,1,1,0,1,0,1,0,0,0,0,0
"73622",73,"TOLIMA","RONCESVALLES",0,0,0,0,0,0,0,1,0,0,0,0
"73624",73,"TOLIMA","ROVIRA",0,0,0,0,1,0,1,0,0,0,0,1
"73675",73,"TOLIMA","SAN ANTONIO",0,0,0,0,0,0,0,1,0,0,0,0
"73678",73,"TOLIMA","SAN LUIS",0,1,0,0,1,1,0,0,0,0,1,0
"73686",73,"TOLIMA","SANTA ISABEL",0,0,0,0,0,1,0,0,0,0,0,0
"73770",73,"TOLIMA","SUAREZ",0,0,0,0,0,0,0,0,0,0,1,0
"73854",73,"TOLIMA","VALLE DE SAN JUAN",0,0,1,1,0,0,0,0,0,0,0,0
"73861",73,"TOLIMA","VENADILLO",0,1,0,1,1,0,2,0,0,1,0,0
"73870",73,"TOLIMA","VILLAHERMOSA",0,1,1,0,0,0,1,0,0,0,0,0
"76001",76,"VALLE","CALI",1,0,2,0,1,1,0,1,0,0,1,1
"76036",76,"VALLE","ANDALUCIA",0,0,0,0,0,0,0,0,1,0,0,0
"76041",76,"VALLE","ANSERMANUEVO",0,0,1,0,0,0,1,0,0,0,0,0
"76054",76,"VALLE","ARGELIA",0,0,0,0,0,0,0,1,0,0,0,0
"76100",76,"VALLE","BOLIVAR",0,0,0,0,0,1,0,1,0,1,0,0
"76109",76,"VALLE","BUENAVENTURA",2,2,1,4,2,3,1,5,1,3,5,1
"76111",76,"VALLE","BUGA",0,0,0,0,0,0,1,0,0,0,0,0
"76113",76,"VALLE","BUGALAGRANDE",0,0,0,0,0,0,0,0,0,0,0,1
"76126",76,"VALLE","DARIEN",0,0,0,0,0,1,0,0,0,0,0,0
"76233",76,"VALLE","DAGUA",1,0,1,1,0,1,0,1,0,0,1,0
"76243",76,"VALLE","EL AGUILA",0,0,0,0,0,0,1,0,0,0,0,0
"76246",76,"VALLE","EL CAIRO",0,0,0,0,0,0,0,0,0,1,1,0
"76248",76,"VALLE","EL CERRITO",0,0,0,0,1,0,0,0,0,0,0,0
"76275",76,"VALLE","FLORIDA",0,0,0,2,0,1,0,0,0,0,0,0
"76306",76,"VALLE","GINEBRA",0,0,0,2,0,0,0,0,0,0,0,1
"76318",76,"VALLE","GUACARI",0,0,0,0,0,1,0,0,0,0,0,0
"76364",76,"VALLE","JAMUNDI",0,0,2,0,1,0,0,0,1,0,1,1
"76497",76,"VALLE","OBANDO",0,0,0,0,0,0,0,0,0,1,0,0
"76520",76,"VALLE","PALMIRA",0,0,1,0,1,1,2,0,0,0,1,0
"76606",76,"VALLE","RESTREPO",1,1,1,0,0,0,0,0,0,0,0,0
"76736",76,"VALLE","SEVILLA",0,0,0,0,0,0,0,0,0,0,0,1
"76828",76,"VALLE","TRUJILLO",0,1,0,1,0,0,1,1,0,0,0,0
"76834",76,"VALLE","TULUA",0,0,0,0,0,0,1,0,0,0,0,0
"76869",76,"VALLE","VIJES",0,0,1,0,0,0,0,0,0,0,0,0
"76892",76,"VALLE","YUMBO",1,0,1,0,0,0,0,0,0,0,0,0
"81001",81,"ARAUCA","ARAUCA",0,3,2,3,1,2,4,4,3,0,3,3
"81065",81,"ARAUCA","ARAUQUITA",3,0,2,1,4,3,3,2,1,1,4,4
"81220",81,"ARAUCA","CRAVO NORTE",1,0,1,1,0,0,0,0,0,0,0,1
"81300",81,"ARAUCA","FORTUL",0,1,1,0,1,0,1,1,0,1,0,0
"81591",81,"ARAUCA","PUERTO RONDON",1,1,1,0,0,2,0,1,0,1,0,1
"81736",81,"ARAUCA","SARAVENA",1,1,0,2,6,1,0,2,0,0,4,3
"81794",81,"ARAUCA","TAME",0,1,4,2,1,5,2,2,1,6,7,3
"85001",85,"CASANARE","YOPAL",1,0,0,1,2,3,0,1,3,2,4,3
"85010",85,"CASANARE","AGUAZUL",0,1,1,0,0,0,0,2,0,1,0,1
"85015",85,"CASANARE","CHAMEZA",0,1,0,0,0,0,0,0,0,0,1,0
"85125",85,"CASANARE","HATO COROZAL",0,0,1,1,1,2,0,0,1,0,1,0
"85139",85,"CASANARE","MANI",0,2,0,0,1,0,0,1,2,0,0,0
"85162",85,"CASANARE","MONTERREY",0,0,1,1,0,0,0,1,1,0,0,0
"85225",85,"CASANARE","NUNCHIA",1,1,1,1,1,3,0,1,0,0,3,3
"85230",85,"CASANARE","OROCUE",1,0,0,0,1,1,0,0,2,0,0,1
"85250",85,"CASANARE","PAZ DE ARIPORO",1,1,3,3,2,0,1,2,2,1,0,2
"85263",85,"CASANARE","PORE",0,0,0,0,0,0,3,0,2,1,1,2
"85279",85,"CASANARE","RECETOR",1,0,1,0,1,0,0,0,0,0,0,0
"85300",85,"CASANARE","SABANALARGA",0,0,0,0,0,0,0,0,0,1,0,0
"85315",85,"CASANARE","SACAMA",2,1,0,0,0,0,0,0,0,1,1,0
"85325",85,"CASANARE","SAN LUIS DE PALENQUE",0,0,0,1,0,0,0,1,0,0,0,4
"85400",85,"CASANARE","TAMARA",0,0,0,0,1,3,0,3,1,3,4,2
"85410",85,"CASANARE","TAURAMENA",1,1,1,2,1,1,0,1,1,2,0,0
"85430",85,"CASANARE","TRINIDAD",0,0,1,1,0,2,0,0,1,1,0,2
"85440",85,"CASANARE","VILLANUEVA",0,0,2,1,1,0,0,1,1,1,0,0
"86001",86,"PUTUMAYO","MOCOA",0,3,1,2,2,4,0,0,0,1,0,0
"86320",86,"PUTUMAYO","ORITO",0,1,6,0,3,0,0,2,1,1,4,0
"86568",86,"PUTUMAYO","PUERTO ASIS",4,4,2,1,4,4,2,5,1,1,3,2
"86569",86,"PUTUMAYO","PUERTO CAICEDO",1,2,1,2,5,4,0,0,0,3,1,2
"86571",86,"PUTUMAYO","PUERTO GUZMAN",1,2,1,0,2,2,2,0,0,0,2,0
"86573",86,"PUTUMAYO","PUERTO LEGUIZAMO",1,0,3,0,0,0,0,3,1,0,1,1
"86757",86,"PUTUMAYO","SAN MIGUEL (LA DORADA)",2,0,1,1,1,1,0,0,2,2,0,0
"86865",86,"PUTUMAYO","VALLE DEL GUAMUEZ",0,0,0,1,1,0,1,0,3,0,1,1
"86885",86,"PUTUMAYO","VILLAGARZON",0,3,2,5,0,1,1,3,3,1,0,0
"91001",91,"AMAZONAS","LETICIA",0,3,0,1,2,4,0,3,3,4,1,3
"91540",91,"AMAZONAS","PUERTO NARIÑO",1,1,3,0,2,1,1,0,0,1,3,1
"91798",91,"AMAZONAS","TARAPACA (CD)",0,0,0,0,0,0,0,1,1,0,0,1
"94001",94,"GUAINIA","PUERTO INIRIDA",1,0,1,0,0,0,0,1,1,0,1,0
"95001",95,"GUAVIARE","SAN JOSE DEL GUAVIARE",3,1,2,4,0,1,2,4,0,2,4,1
"95015",95,"GUAVIARE","CALAMAR",0,1,1,2,2,5,0,1,0,0,0,1
"95025",95,"GUAVIARE","EL RETORNO",2,0,0,4,1,2,1,2,1,0,1,2
"95200",95,"GUAVIARE","MIRAFLORES",0,3,2,4,4,5,4,1,1,1,1,1
"97001",97,"VAUPES","MITU",6,3,2,2,3,3,2,1,0,0,0,0
"97161",97,"VAUPES","CARURU",1,0,2,0,1,0,0,3,1,1,0,2
"97666",97,"VAUPES","TARAIRA",2,0,0,0,1,0,0,1,0,0,0,0
"99001",99,"VICHADA","PUERTO CARREÑO",0,1,1,2,0,1,1,1,0,1,2,0
"99524",99,"VICHADA","LA PRIMAVERA",0,0,1,1,0,1,0,2,0,0,1,0
"99624",99,"VICHADA","SANTA ROSALIA",1,0,0,3,0,0,0,0,0,1,0,0
"99773",99,"VICHADA","CUMARIBO",0,2,2,3,3,7,1,1,1,2,3,2
